State,complaints,population,complaints_per_100000
GA,426941,10940407,3902.423374194397
FL,791234,22416077,3529.761251266223
MS,101439,2946779,3442.3687694258715
AL,144883,5086768,2848.232905451949
LA,129683,4611961,2811.884142125226
TX,789898,30188424,2616.559248008442
DC,17158,681294,2518.4428455263073
SC,126126,5296225,2381.4320577392386
DE,23669,1021191,2317.7838425916407
NV,69212,3184612,2173.3259813126374
MD,132850,6206011,2140.6665247612355
IL,237648,12694798,1872.010881937625
NC,196066,10730404,1827.2005415639524
NJ,166997,9343809,1787.2475775136243
NY,300040,19852366,1511.3563793857115
PA,188545,13018639,1448.2696693563744
CA,505432,39287377,1286.499732471323
AR,38210,3049391,1253.0370818304377
VA,105076,8705170,1207.0528203355018
MI,118385,10077761,1174.71529638379
AZ,86660,7378838,1174.43966109569
RI,12915,1101801,1172.1717442623485
TN,81326,7066383,1150.885820935548
CT,35250,3624508,972.5457910425359
MO,58998,6191814,952.8386996121006
OH,110700,11810293,937.3179818654795
MA,65404,7044056,928.4991487858699
IN,61147,6851073,892.5171283388747
WI,37278,5914872,630.2418716753295
CO,33253,5862189,567.2454436388865
OK,22680,4028634,562.9699794024476
HI,7896,1445235,546.3471338571236
WA,42097,7816116,538.5923136248234
KY,22167,4534824,488.8172065773667
MN,24345,5739445,424.169932807092
UT,14329,3392331,422.3939232344957
KS,12180,2947197,413.27403631314775
NM,8499,2120246,400.8497127220143
NE,7810,1978707,394.7021969397187
ND,2923,784841,372.43212319437947
AK,2617,735706,355.7127439493493
WV,6159,1778373,346.32779512509467
NH,4605,1394868,330.13876581870113
OR,13258,4254293,311.6381499816773
IA,9469,3210507,294.9378400358573
ID,4551,1934262,235.28353449532688
WY,1201,582397,206.21672158338725
ME,2665,1387817,192.02819968338764
MT,2126,1116875,190.35254616675994
SD,1617,907428,178.19595604279348
VT,1119,647106,172.92375592252273
