model,variable,coefficient,rate_ratio,std_error,p_value,ci_lower,ci_upper,alpha
baseline,const,-5.641493763457135,0.0035475652230648348,0.03001314594468248,0.0,0.003344900109189517,0.0037625096717607215,10.706331506908827
baseline,income_10k,4.331015680602544e-06,1.0000043310250595,1.285016277608908e-06,0.0007505981762957558,1.0000018124316994,1.000006849624763,10.706331506908827
baseline,poverty_percent,0.019646838517784468,1.0198411078231673,0.0017447214509690103,2.05051241285839e-29,1.0163596241564226,1.0233345171196142,10.706331506908827
baseline,unemployment_percent,0.05140713006976541,1.0527514128018336,0.0031831420245772494,1.1391714135432287e-58,1.0462039069256364,1.0593398952342405,10.706331506908827
baseline,median_age,-3.45109869947138e-09,0.9999999965489013,4.1969411292532737e-10,1.9865633325083224e-16,0.9999999957263159,0.9999999973714866,10.706331506908827
white,const,-1.6651176021876999,0.18916841005493906,0.020764480221760036,0.0,0.18162425924606335,0.1970259232508842,0.5273605755149359
white,income_10k,4.288083703979973e-06,1.0000042880928979,5.07875493964763e-07,3.0882164508718944e-17,1.000003292671448,1.0000052835153386,0.5273605755149359
white,poverty_percent,-0.015583817377278387,0.9845369819856129,0.0005636479044083232,2.938090687196608e-168,0.9834499354034216,0.9856252301239072,0.5273605755149359
white,unemployment_percent,-0.008636137244803404,0.9914010470685156,0.0011962407705194942,5.221853341750475e-13,0.9890793420358193,0.9937282019312002,0.5273605755149359
white,median_age,-3.889579357805763e-09,0.9999999961104207,1.709803975760249e-10,1.478641701460653e-114,0.9999999957753052,0.999999996445536,0.5273605755149359
white,white_percent,-0.04933238007276197,0.9518646962563315,0.0002175086429605413,0.0,0.9514589941515295,0.9522705713525068,0.5273605755149359
black,const,-5.889864270271776,0.002767352283398474,0.009788636491308,0.0,0.002714765652247821,0.00282095754898392,0.7880447714052148
black,income_10k,6.308349073688549e-06,1.0000063083689714,5.694113464233798e-07,1.5913057920750163e-28,1.0000051923368225,1.0000074244023658,0.7880447714052148
black,poverty_percent,-0.010870330710317249,0.9891885378346218,0.0006376475376008671,3.6447058529038795e-65,0.9879530556189446,0.9904255650794849,0.7880447714052148
black,unemployment_percent,0.02044250532179429,1.0206528844470557,0.0011473772758541021,5.241685439287166e-71,1.0183602006092776,1.0229507299154403,0.7880447714052148
black,median_age,-3.5098312458387373e-09,0.9999999964901688,1.862085790514263e-10,2.998832674003028e-79,0.9999999961252066,0.9999999968551309,0.7880447714052148
black,black_percent,0.06246562187169797,1.0644578642198061,0.00036067193773503103,0.0,1.0637056605882396,1.0652105997751224,0.7880447714052148
american_indian_alaska_native,const,-5.64350705891199,0.0035404301110798014,0.029450111092124743,0.0,0.003341858411869361,0.0037508008498866757,10.207145803948734
american_indian_alaska_native,income_10k,4.260172264750845e-06,1.0000042601813393,1.2660287400465096e-06,0.0007654682445935132,1.000001778803113,1.0000067415657228,10.207145803948734
american_indian_alaska_native,poverty_percent,0.022035107918397207,1.0222796739518043,0.0017309551732600462,4.026944692317291e-37,1.0188173543837358,1.0257537597670219,10.207145803948734
american_indian_alaska_native,unemployment_percent,0.05287656875855095,1.0542995035911686,0.003155693820930419,5.125750299589253e-63,1.0477987369106674,1.06084060241366,10.207145803948734
american_indian_alaska_native,median_age,-3.4506459899939992e-09,0.999999996549354,4.1308878413647114e-10,6.639340541485872e-17,0.9999999957397149,0.9999999973589931,10.207145803948734
american_indian_alaska_native,american_indian_alaska_native_percent,-0.03558102486295598,0.9650445384606673,0.0022763320247480598,4.487131422199254e-55,0.9607485549263152,0.9693597314691662,10.207145803948734
asian,const,-5.923880154078235,0.0026748013740617383,0.01147217505987164,0.0,0.0026153294517708456,0.0027356256726425777,1.1828277030515606
asian,income_10k,1.0057810576812635e-05,1.0000100578611568,5.962089407663514e-07,7.529552995516937e-64,1.0000088893020354,1.0000112264216439,1.1828277030515606
asian,poverty_percent,0.029792474773619824,1.030240710830697,0.0006434847102822244,0.0,1.0289421832101826,1.0315408771963313,1.1828277030515606
asian,unemployment_percent,0.04609750418960071,1.0471765100762942,0.0011492641074531968,0.0,1.0448203825649358,1.0495379507849663,1.1828277030515606
asian,median_age,-3.793267289022739e-09,0.9999999962067327,2.0064337247563694e-10,1.0272193462795069e-79,0.999999995813479,0.9999999965999865,1.1828277030515606
asian,asian_percent,0.06486127284171565,1.0670109907136849,0.0010251384595129284,0.0,1.0648692677944065,1.0691570211824455,1.1828277030515606
native_hawaiian_pacific_islander,const,-5.64564959227426,0.003532852741731965,0.029962741773552147,0.0,0.003331357211415966,0.0037465356317817663,10.632632287492251
native_hawaiian_pacific_islander,income_10k,4.326424802931886e-06,1.0000043264341618,1.2812340144152224e-06,0.0007334396926346524,1.0000018152539265,1.0000068376207034,10.632632287492251
native_hawaiian_pacific_islander,poverty_percent,0.01972517566175801,1.0199210023921763,0.0017389889730481695,8.043529209702625e-30,1.0164506662020147,1.0234031869028448,10.632632287492251
native_hawaiian_pacific_islander,unemployment_percent,0.051421882867457205,1.0527669439450102,0.003173385848298063,4.716913569446713e-59,1.0462393472143605,1.059335267034491,10.632632287492251
native_hawaiian_pacific_islander,median_age,-3.455580552008551e-09,0.9999999965444194,4.1847025956365393e-10,1.4856958955417454e-16,0.9999999957242328,0.9999999973646061,10.632632287492251
native_hawaiian_pacific_islander,native_hawaiian_pacific_islander_percent,0.024084839670384637,1.0243772220299767,0.0184163807465714,0.19094305300208336,0.9880612360784301,1.062027994518507,10.632632287492251
other_race,const,-5.844353801599628,0.002896205631579905,0.011377075743264551,0.0,0.002832338848806635,0.0029615125548729175,1.2160431559152063
other_race,income_10k,9.491392387099063e-06,1.0000094914374305,5.994499880138269e-07,1.827608704878659e-56,1.000008316526582,1.0000106663496593,1.2160431559152063
other_race,poverty_percent,0.02009587473138387,1.0202991562451653,0.0006587023292110178,2.0237264858333786e-204,1.0189827664600712,1.0216172466302333,1.2160431559152063
other_race,unemployment_percent,0.039798104711138496,1.0406006606116673,0.0011807264093726883,4.649155198005355e-249,1.0381953063729663,1.0430115877218482,1.2160431559152063
other_race,median_age,-3.7059347025191344e-09,0.9999999962940653,2.0172346333297097e-10,2.227525879957863e-75,0.9999999958986946,0.9999999966894361,1.2160431559152063
other_race,other_race_percent,0.06101197781752544,1.0629116454726837,0.0008895210262562423,0.0,1.0610601487452507,1.0647663729690189,1.2160431559152063
two_or_more_races,const,-6.0308062175835175,0.002403555408636509,0.018757575484885186,0.0,0.002316795287174155,0.002493564552020581,3.0978034244836707
two_or_more_races,income_10k,5.82662782979734e-06,1.0000058266448046,7.911059918639585e-07,1.769250980646719e-13,1.0000042760977204,1.0000073771942932,3.0978034244836707
two_or_more_races,poverty_percent,0.022737549378746225,1.02299801784659,0.0009829986520315504,2.2686202331629806e-118,1.021028964385286,1.0249708686257653,3.0978034244836707
two_or_more_races,unemployment_percent,0.0443108330123867,1.04530722038855,0.0017744778741230044,1.2570356956296336e-137,1.0416780477366392,1.0489490369606875,3.0978034244836707
two_or_more_races,median_age,-3.87931521446345e-09,0.9999999961206848,2.605602233358791e-10,3.922557745012783e-50,0.9999999956099961,0.9999999966313734,3.0978034244836707
two_or_more_races,two_or_more_races_percent,0.038171391970490104,1.0389092783286549,0.001072181526299171,1.3226934009651003e-277,1.0367283680737571,1.0410947764483072,3.0978034244836707
hispanic,const,-5.973540326817271,0.002545214558046984,0.013040239795692167,0.0,0.002480987215702625,0.0026111046060588736,1.586775243912176
hispanic,income_10k,8.370304627268243e-06,1.0000083703396583,6.443085917344771e-07,1.3736134451117407e-38,1.0000071075082508,1.0000096331726607,1.586775243912176
hispanic,poverty_percent,0.02125604431564525,1.02148356321671,0.0007377585214271363,1.5326066533420805e-182,1.0200075856541513,1.0229616765572727,1.586775243912176
hispanic,unemployment_percent,0.04331393515523154,1.0442656751038648,0.0013194543869741314,2.41335810203827e-236,1.0415686062380463,1.0469697278403796,1.586775243912176
hispanic,median_age,-3.823144965368408e-09,0.9999999961768551,2.1423253715862866e-10,3.1176601297881367e-71,0.999999995756967,0.9999999965967431,1.586775243912176
hispanic,hispanic_percent,0.02702808416493793,1.0273966559354708,0.00044575797457942044,0.0,1.0264994427257113,1.0282946533556356,1.586775243912176
