iteration,alpha_before,alpha_after,model
0,1.0,9.333995043304773,baseline
1,9.333995043304773,10.671211335215661,baseline
2,10.671211335215661,10.705535024647485,baseline
3,10.705535024647485,10.706313505039281,baseline
4,10.706313505039281,10.70633110885964,baseline
5,10.70633110885964,10.706331506908827,baseline
0,10.706331506908827,0.5301274657635592,white
1,0.5301274657635592,0.5273616378593826,white
2,0.5273616378593826,0.5273605759115938,white
3,0.5273605759115938,0.5273605755149359,white
0,10.706331506908827,0.8458851851109112,black
1,0.8458851851109112,0.7911443699188224,black
2,0.7911443699188224,0.7882192407392985,black
3,0.7882192407392985,0.7880545905702451,black
4,0.7880545905702451,0.788045296154743,black
5,0.788045296154743,0.7880447714052148,black
0,10.706331506908827,10.219488006980354,american_indian_alaska_native
1,10.219488006980354,10.207464571132098,american_indian_alaska_native
2,10.207464571132098,10.207154040718173,american_indian_alaska_native
3,10.207154040718173,10.207146011559017,american_indian_alaska_native
4,10.207146011559017,10.207145803948734,american_indian_alaska_native
0,10.706331506908827,1.1108526961683005,asian
1,1.1108526961683005,1.1896581660155123,asian
2,1.1896581660155123,1.1822260670821638,asian
3,1.1822260670821638,1.182881102545427,asian
4,1.182881102545427,1.1828230103664392,asian
5,1.1828230103664392,1.1828281594744234,asian
6,1.1828281594744234,1.1828277030515606,asian
0,10.706331506908827,10.634197468425734,native_hawaiian_pacific_islander
1,10.634197468425734,10.632665721171254,native_hawaiian_pacific_islander
2,10.632665721171254,10.632632987126346,native_hawaiian_pacific_islander
3,10.632632987126346,10.632632287492251,native_hawaiian_pacific_islander
0,10.706331506908827,1.1893926617569122,other_race
1,1.1893926617569122,1.2171013293267674,other_race
2,1.2171013293267674,1.2160021232092404,other_race
3,1.2160021232092404,1.2160447459343675,other_race
4,1.2160447459343675,1.216043091716044,other_race
5,1.216043091716044,1.2160431559152063,other_race
0,10.706331506908827,3.519239140176176,two_or_more_races
1,3.519239140176176,3.145782864223161,two_or_more_races
2,3.145782864223161,3.1035895956643036,two_or_more_races
3,3.1035895956643036,3.098505918424298,two_or_more_races
4,3.098505918424298,3.0978887687798324,two_or_more_races
5,3.0978887687798324,3.0978137794145213,two_or_more_races
6,3.0978137794145213,3.097804666504871,two_or_more_races
7,3.097804666504871,3.0978035590651607,two_or_more_races
8,3.0978035590651607,3.0978034244836707,two_or_more_races
0,10.706331506908827,1.6819309319313223,hispanic
1,1.6819309319313223,1.5879946973550816,hispanic
2,1.5879946973550816,1.586790293398019,hispanic
3,1.586790293398019,1.5867754273081622,hispanic
4,1.5867754273081622,1.586775243912176,hispanic
