model,alpha,observations,residual_df,deviance,pearson_chi_square,pearson_chi_square_df,aic,log_likelihood,converged
baseline,10.706331506908827,32473,32468,15192.614255378172,31884.00054087535,0.9820130756706711,231109.91844788706,-115549.95922394353,True
white,0.5273605755149359,32473,32467,94267.39189628034,244169.5453929752,7.520545335047132,247314.44702119147,-123651.22351059574,True
black,0.7880447714052148,32473,32467,82823.90419877847,179471.70132529427,5.527819057051599,242448.22691208706,-121218.11345604353,True
american_indian_alaska_native,10.207145803948734,32473,32467,15640.963065896556,33982.545602002945,1.04667957008664,230296.03783143492,-115142.01891571746,True
asian,1.1828277030515606,32473,32467,79538.6370582161,208071.998656895,6.408722661684018,246280.83559730783,-123134.41779865391,True
native_hawaiian_pacific_islander,10.632632287492251,32473,32467,15276.652715919348,31968.981259479202,0.9846607712286076,231012.57828307894,-115500.28914153947,True
other_race,1.2160431559152063,32473,32467,77107.20810589829,192204.44891673053,5.919994114538778,244353.58816762498,-122170.79408381249,True
two_or_more_races,3.0978034244836707,32473,32467,39065.38206282804,116554.79112349318,3.5899464417252345,224951.81265668976,-112469.90632834488,True
hispanic,1.586775243912176,32473,32467,62911.720919151936,170887.79808693245,5.263430501337742,235134.46972171453,-117561.23486085726,True
