rate_group,Issue,complaints,issue_share
Other 99%,Incorrect information on your report,2385146,0.5250678693984081
Other 99%,Improper use of your report,913963,0.20120051565773217
Other 99%,Problem with a company's investigation into an existing problem,735392,0.16188975878735898
Other 99%,Attempts to collect debt not owed,92607,0.020386575992152423
Other 99%,Written notification about debt,51448,0.011325802170940187
Other 99%,Took or threatened to take negative or legal action,42158,0.009280694447257353
Other 99%,Other transaction problem,38827,0.008547405553006815
Other 99%,Managing an account,35854,0.007892927053274946
Other 99%,False statements or representation,31936,0.007030415528905804
Other 99%,Problem with a purchase shown on your statement,16253,0.003577947882994302
Other 99%,Problem with fraud alerts or security freezes,12352,0.0027191787516609623
Other 99%,Unable to get your credit report or credit score,12163,0.0026775721467335073
Other 99%,Trouble during payment process,9812,0.0021600212039586592
Other 99%,Dealing with your lender or servicer,9728,0.0021415293795464573
Other 99%,Getting a credit card,8780,0.0019328359326087473
Other 99%,Problem caused by your funds being low,8743,0.001924690724236706
Other 99%,Fraud or scam,8625,0.001898714113752898
Other 99%,Closing an account,7918,0.0017430745916168634
Other 99%,Problem with a lender or other company charging your account,7553,0.001662723211730509
Other 99%,Communication tactics,7334,0.0016145123837986962
Other 99%,"Other features, terms, or problems",6731,0.0014817675014111022
Other 99%,Credit monitoring or identity theft protection services,6699,0.0014747229968731207
Other 99%,Fees or interest,6179,0.0013602497981309168
Other 99%,Opening an account,5631,0.0012396126579179792
Other 99%,Closing your account,5064,0.0011147928431356146
Other 99%,Problem when making payments,4978,0.0010958607371897885
Other 99%,Repossession,4616,0.0010161697796038699
Other 99%,Managing the loan or lease,4607,0.0010141885127025625
Other 99%,Struggling to pay mortgage,4606,0.0010139683719357505
Other 99%,Unauthorized transactions or other transaction problem,4343,0.000956071350264213
Other 99%,Struggling to repay your loan,3412,0.0007511202963623059
Other 99%,Electronic communications,3369,0.000741654243389393
Other 99%,Charged fees or interest you didn't expect,2665,0.000586675143553794
Other 99%,"Advertising and marketing, including promotional offers",2471,0.0005439678347922796
Other 99%,Trouble using your card,2393,0.000526796854980949
Other 99%,Confusing or missing disclosures,2221,0.0004889326430892971
Other 99%,Trouble accessing funds in your mobile or digital wallet,2221,0.0004889326430892971
Other 99%,Trouble using the card,2151,0.0004735227894124619
Other 99%,Problems at the end of the loan or lease,2093,0.00046075462493736993
Other 99%,Getting a loan or lease,2085,0.00045899349880287453
Other 99%,Threatened to contact someone or share information improperly,2082,0.0004583330765024387
Other 99%,Problem with a company's investigation into an existing issue,2037,0.0004484267419959019
Other 99%,Applying for a mortgage or refinancing an existing mortgage,2004,0.0004411620966911082
Other 99%,Struggling to pay your loan,1872,0.00041210351547193335
Other 99%,Money was not available when promised,1797,0.0003955929579610386
Other 99%,Closing on a mortgage,1544,0.0003398973439576203
Other 99%,Other service problem,1538,0.0003385764993567487
Other 99%,Problem with a purchase or transfer,1443,0.0003176631265096153
Other 99%,"Managing, opening, or closing your mobile wallet account",1364,0.00030027200593147284
Other 99%,Unexpected or other fees,1027,0.00022608456751585233
Other 99%,Struggling to pay your bill,990,0.0002179393591438109
Other 99%,Getting the loan,882,0.00019416415632812246
Other 99%,Problem with customer service,865,0.00019042176329231965
Other 99%,Problem getting a card or closing an account,843,0.00018557866642245717
Other 99%,Didn't provide services promised,836,0.00018403768105477365
Other 99%,Problem with the payoff process at the end of the loan,786,0.00017303064271417714
Other 99%,Confusing or misleading advertising or marketing,716,0.00015762078903734203
Other 99%,Problem with additional add-on products or services,646,0.0001422109353605069
Other 99%,Charged upfront or unexpected fees,518,0.00011403291720857985
Other 99%,Identity theft protection or other monitoring services,446,9.818278199812088e-05
Other 99%,Unauthorized withdrawals or charges,353,7.770969068461136e-05
Other 99%,Getting a line of credit,339,7.462771994924435e-05
Other 99%,Wrong amount charged or received,320,7.044504537981767e-05
Other 99%,Getting a loan,297,6.538180774314328e-05
Other 99%,Received a loan you didn't apply for,189,4.160660492745481e-05
Other 99%,Lost or stolen money order,174,3.8304493425275856e-05
Other 99%,Can't stop withdrawals from your bank account,166,3.654336729078042e-05
Other 99%,Can't contact lender or servicer,163,3.588294499034463e-05
Other 99%,Problem adding money,148,3.2580833488165676e-05
Other 99%,Issues with repayment,120,2.6416892017431626e-05
Other 99%,Vehicle was repossessed or sold the vehicle,103,2.2674498981628813e-05
Other 99%,Loan payment wasn't credited to your account,101,2.2234217448004953e-05
Other 99%,Money was taken from your bank account on the wrong day or for the wrong amount,97,2.135365438075723e-05
Other 99%,Issue with income share agreement,82,1.8051542878578277e-05
Other 99%,"Was approved for a loan, but didn't receive the money",77,1.6950839044518626e-05
Other 99%,Advertising,76,1.6730698277706698e-05
Other 99%,Issue where my lender is my school,65,1.4309149842775464e-05
Other 99%,Problems receiving the advance,59,1.2988305241903883e-05
Other 99%,"Overdraft, savings, or rewards features",51,1.122717910740844e-05
Other 99%,Unexpected fees,45,9.90633450653686e-06
Other 99%,Problem with cash advance,35,7.704926838417557e-06
Other 99%,Credit limit changed,25,5.503519170298255e-06
Other 99%,Vehicle was damaged or destroyed the vehicle,25,5.503519170298255e-06
Other 99%,Incorrect exchange rate,22,4.843096869862465e-06
Other 99%,"Was approved for a loan, but didn't receive money",19,4.182674569426674e-06
Other 99%,Problem with overdraft,16,3.5222522689908835e-06
Other 99%,Property was sold,11,2.4215484349312324e-06
Other 99%,Lost or stolen refund,4,8.805630672477209e-07
Other 99%,Property was damaged or destroyed property,2,4.4028153362386044e-07
Other 99%,Problem with credit report or credit score,1,2.2014076681193022e-07
Top 1%,Incorrect information on your report,313409,0.5721763070311402
Top 1%,Improper use of your report,108802,0.198634776147469
Top 1%,Problem with a company's investigation into an existing problem,84138,0.15360685277380698
Top 1%,Attempts to collect debt not owed,11242,0.02052399913098883
Top 1%,Written notification about debt,4736,0.008646296022448239
Top 1%,Took or threatened to take negative or legal action,4077,0.007443190220338148
Top 1%,Other transaction problem,3378,0.006167058269389812
Top 1%,False statements or representation,2898,0.005290744483330868
Top 1%,Managing an account,1640,0.0029940721023680554
Top 1%,Problem with fraud alerts or security freezes,1591,0.002904615070041205
Top 1%,Unable to get your credit report or credit score,1410,0.002574171746548145
Top 1%,Problem caused by your funds being low,870,0.0015883187372318342
Top 1%,Credit monitoring or identity theft protection services,700,0.001277957604669292
Top 1%,Getting a credit card,699,0.001276131950948336
Top 1%,Communication tactics,555,0.0010132378151306528
Top 1%,Problem with a purchase shown on your statement,456,0.0008324980967559959
Top 1%,Repossession,452,0.0008251954818721714
Top 1%,Closing an account,450,0.0008215441744302591
Top 1%,Trouble during payment process,443,0.0008087645983835662
Top 1%,Fraud or scam,426,0.000777728485127312
Top 1%,Opening an account,412,0.0007521693330339261
Top 1%,Dealing with your lender or servicer,405,0.0007393897569872332
Top 1%,Problem with a lender or other company charging your account,313,0.0005714296146592692
Top 1%,Electronic communications,268,0.0004892751972162432
Top 1%,Managing the loan or lease,248,0.00045276212279712056
Top 1%,Struggling to pay mortgage,248,0.00045276212279712056
Top 1%,Unauthorized transactions or other transaction problem,247,0.00045093646907616445
Top 1%,Closing your account,210,0.0003833872814007876
Top 1%,Problem with a company's investigation into an existing issue,202,0.00036878205163313853
Top 1%,"Other features, terms, or problems",191,0.0003486998607026211
Top 1%,Struggling to repay your loan,186,0.0003395715920978404
Top 1%,Fees or interest,174,0.0003176637474463669
Top 1%,Confusing or missing disclosures,172,0.0003140124400044546
Top 1%,Getting a loan or lease,150,0.0002738480581434197
Top 1%,Problem when making payments,144,0.0002628941358176829
Top 1%,Threatened to contact someone or share information improperly,140,0.0002555915209338584
Top 1%,Charged fees or interest you didn't expect,129,0.00023550933000334094
Top 1%,Trouble accessing funds in your mobile or digital wallet,112,0.00020447321674708671
Top 1%,Problems at the end of the loan or lease,106,0.00019351929442134992
Top 1%,Struggling to pay your loan,106,0.00019351929442134992
Top 1%,Other service problem,94,0.00017161144976987635
Top 1%,Trouble using your card,83,0.0001515292588393589
Top 1%,Applying for a mortgage or refinancing an existing mortgage,74,0.00013509837535075373
Top 1%,Closing on a mortgage,67,0.0001223187993040608
Top 1%,"Managing, opening, or closing your mobile wallet account",65,0.00011866749186214854
Top 1%,Money was not available when promised,62,0.00011319053069928014
Top 1%,Didn't provide services promised,58,0.00010588791581545561
Top 1%,"Advertising and marketing, including promotional offers",55,0.00010041095465258723
Top 1%,Unexpected or other fees,53,9.675964721067496e-05
Top 1%,Problem with a purchase or transfer,46,8.398007116398205e-05
Top 1%,Confusing or misleading advertising or marketing,45,8.21544174430259e-05
Top 1%,Problem getting a card or closing an account,45,8.21544174430259e-05
Top 1%,Struggling to pay your bill,42,7.667745628015752e-05
Top 1%,Charged upfront or unexpected fees,39,7.120049511728912e-05
Top 1%,Problem with additional add-on products or services,39,7.120049511728912e-05
Top 1%,Problem with customer service,39,7.120049511728912e-05
Top 1%,Trouble using the card,39,7.120049511728912e-05
Top 1%,Identity theft protection or other monitoring services,33,6.0246572791552333e-05
Top 1%,Problem with the payoff process at the end of the loan,32,5.8420919070596205e-05
Top 1%,Getting the loan,29,5.294395790772781e-05
Top 1%,Unauthorized withdrawals or charges,26,4.7466996744859415e-05
Top 1%,Wrong amount charged or received,25,4.564134302390329e-05
Top 1%,Getting a loan,16,2.9210459535298103e-05
Top 1%,Loan payment wasn't credited to your account,15,2.738480581434197e-05
Top 1%,Received a loan you didn't apply for,14,2.555915209338584e-05
Top 1%,Lost or stolen money order,13,2.3733498372429708e-05
Top 1%,Vehicle was repossessed or sold the vehicle,12,2.1907844651473576e-05
Top 1%,Getting a line of credit,10,1.8256537209561313e-05
Top 1%,Money was taken from your bank account on the wrong day or for the wrong amount,7,1.277957604669292e-05
Top 1%,Issue where my lender is my school,6,1.0953922325736788e-05
Top 1%,"Was approved for a loan, but didn't receive the money",6,1.0953922325736788e-05
Top 1%,Issues with repayment,4,7.302614883824526e-06
Top 1%,Problem adding money,4,7.302614883824526e-06
Top 1%,Vehicle was damaged or destroyed the vehicle,4,7.302614883824526e-06
Top 1%,Can't stop withdrawals from your bank account,3,5.476961162868394e-06
Top 1%,Can't contact lender or servicer,2,3.651307441912263e-06
Top 1%,Problems receiving the advance,2,3.651307441912263e-06
Top 1%,Unexpected fees,2,3.651307441912263e-06
Top 1%,Credit limit changed,1,1.8256537209561314e-06
Top 1%,"Overdraft, savings, or rewards features",1,1.8256537209561314e-06
Top 1%,Problem with cash advance,1,1.8256537209561314e-06
Top 1%,Problem with overdraft,1,1.8256537209561314e-06
