,complaints,complaints,product_share,product_share
rate_group,Other 99%,Top 1%,Other 99%,Top 1%
Product,,,,
Checking or savings account,66149.0,3720.0,0.014562091583842373,0.006791431841956809
Credit card,73281.0,3404.0,0.01613213553274506,0.006214525266134671
Credit reporting or other personal consumer reports,4039062.0,508261.0,0.8891622058809285,0.9279085858668843
Debt collection,230934.0,23916.0,0.05083798784294629,0.04366233439038684
Debt or credit management,3192.0,235.0,0.0007026893276636813,0.00042902862442469085
"Money transfer, virtual currency, or money service",62081.0,4593.0,0.01366655894445144,0.008385227540351512
Mortgage,19056.0,892.0,0.004195002452368143,0.0016284831190928693
"Payday loan, title loan, personal loan, or advance loan",10260.0,493.0,0.002258644267490404,0.0009000472844313727
Prepaid card,5100.0,156.0,0.0011227179107408441,0.0002848019804691565
Student loan,17178.0,868.0,0.0037815780922953375,0.001584667429789922
Vehicle loan or lease,16255.0,1211.0,0.0035783881645279256,0.002210866656077875
