rate_group,Product,complaints,product_share
Other 99%,Credit reporting or other personal consumer reports,4039062,0.8891622058809285
Other 99%,Debt collection,230934,0.05083798784294629
Other 99%,Credit card,73281,0.01613213553274506
Other 99%,Checking or savings account,66149,0.014562091583842373
Other 99%,"Money transfer, virtual currency, or money service",62081,0.01366655894445144
Other 99%,Mortgage,19056,0.004195002452368143
Other 99%,Student loan,17178,0.0037815780922953375
Other 99%,Vehicle loan or lease,16255,0.0035783881645279256
Other 99%,"Payday loan, title loan, personal loan, or advance loan",10260,0.002258644267490404
Other 99%,Prepaid card,5100,0.0011227179107408441
Other 99%,Debt or credit management,3192,0.0007026893276636813
Top 1%,Credit reporting or other personal consumer reports,508261,0.9279085858668843
Top 1%,Debt collection,23916,0.04366233439038684
Top 1%,"Money transfer, virtual currency, or money service",4593,0.008385227540351512
Top 1%,Checking or savings account,3720,0.006791431841956809
Top 1%,Credit card,3404,0.006214525266134671
Top 1%,Vehicle loan or lease,1211,0.002210866656077875
Top 1%,Mortgage,892,0.0016284831190928693
Top 1%,Student loan,868,0.001584667429789922
Top 1%,"Payday loan, title loan, personal loan, or advance loan",493,0.0009000472844313727
Top 1%,Debt or credit management,235,0.00042902862442469085
Top 1%,Prepaid card,156,0.0002848019804691565
