ZIP code,complaints,unique_companies,unique_products,timely_yes,timely_total,timely_response_rate,monetary_relief,nonmonetary_relief,closed_total,monetary_relief_rate,nonmonetary_relief_rate,older_american,servicemember,tagged_complaints,older_american_rate,servicemember_rate,population,complaints_per_1000,rate_group
33122,561,20,4,561,561,1.0,0,245,561,0.0,0.4367201426024955,0,75,75,0.0,0.1336898395721925,1687.0,332.54297569650265,Top 1%
30326,1793,68,7,1787,1793,0.9966536530953708,1,783,1789,0.0005589714924538,0.4376746785913918,41,43,84,0.0228667038482989,0.0239821528165086,8234.0,217.7556473160068,Top 1%
39739,442,21,5,442,442,1.0,0,179,442,0.0,0.4049773755656108,0,1,1,0.0,0.002262443438914,2104.0,210.07604562737643,Top 1%
39730,2091,24,5,2090,2091,0.9995217599234816,0,723,2090,0.0,0.345933014354067,0,11,11,0.0,0.0052606408417025,11291.0,185.19174563811885,Top 1%
60411,9090,150,11,9067,9090,0.9974697469746976,7,3763,9079,0.0007710100231303,0.4144729595770459,8,129,137,0.0008800880088008,0.0141914191419141,52175.0,174.22137038811692,Top 1%
35215,7594,108,10,7585,7594,0.9988148538319728,3,3524,7590,0.000395256916996,0.4642951251646904,9,38,47,0.0011851461680273,0.0050039504872267,43903.0,172.97223424367357,Top 1%
33169,7184,151,11,7166,7184,0.9974944320712696,11,3105,7177,0.0015326738191444,0.4326320189494217,35,48,83,0.0048719376391982,0.0066815144766146,43702.0,164.38606928744682,Top 1%
33056,6144,129,11,6124,6144,0.9967447916666666,3,2665,6135,0.0004889975550122,0.4343928280358598,8,30,38,0.0013020833333333,0.0048828125,37890.0,162.15360253365006,Top 1%
60466,3443,96,10,3435,3443,0.99767644496079,4,1474,3438,0.0011634671320535,0.4287376381617219,13,19,32,0.0037757769387162,0.0055184432181237,21461.0,160.43054843669913,Top 1%
60419,3295,106,10,3289,3295,0.9981790591805766,6,1328,3290,0.0018237082066869,0.4036474164133738,9,44,53,0.002731411229135,0.0133535660091047,20825.0,158.2232893157263,Top 1%
60443,3241,102,10,3228,3241,0.995988892317186,6,1296,3233,0.0018558614290133,0.4008660686668728,9,66,75,0.0027769207034865,0.0203640851589015,20663.0,156.85040894352224,Top 1%
39702,3468,50,10,3463,3468,0.998558246828143,1,1340,3466,0.0002885170225043,0.3866128101557992,0,2,2,0.0,0.0005767012687427,23484.0,147.67501277465507,Top 1%
35235,2972,73,8,2967,2972,0.9983176312247644,0,1396,2969,0.0,0.4701919838329403,5,32,37,0.0016823687752355,0.0107671601615074,20526.0,144.79197115853066,Top 1%
60473,3055,104,10,3044,3055,0.9963993453355156,2,1323,3050,0.000655737704918,0.4337704918032787,9,39,48,0.0029459901800327,0.0127659574468085,21225.0,143.93404004711425,Top 1%
60484,963,27,7,962,963,0.9989615784008308,0,429,963,0.0,0.4454828660436137,1,0,1,0.0010384215991692,0.0,6762.0,142.41348713398403,Top 1%
39361,169,8,1,169,169,1.0,0,80,169,0.0,0.4733727810650887,0,0,0,0.0,0.0,1190.0,142.01680672268907,Top 1%
60471,1747,37,9,1745,1747,0.9988551803091014,3,772,1747,0.001717229536348,0.4419004006868918,1,7,8,0.0005724098454493,0.0040068689181453,12848.0,135.9744707347447,Top 1%
30349,10843,224,11,10812,10843,0.9971410126348796,10,4483,10835,0.0009229349330872,0.4137517305029995,20,230,250,0.001844507977497,0.0212118417412155,79872.0,135.7547075320513,Top 1%
30253,8661,211,11,8633,8661,0.99676711696109,13,3707,8653,0.0015023691205362,0.4284063330636773,19,175,194,0.0021937420621175,0.0202055189931878,64779.0,133.70073634974298,Top 1%
39773,1957,25,7,1957,1957,1.0,1,710,1957,0.0005109862033725,0.3628002043944813,0,0,0,0.0,0.0,14758.0,132.60604417942812,Top 1%
70710,952,34,4,949,952,0.9968487394957984,0,472,952,0.0,0.4957983193277311,0,1,1,0.0,0.0010504201680672,7252.0,131.27413127413126,Top 1%
33178,8896,113,9,8887,8896,0.998988309352518,9,4079,8891,0.0010122595883477,0.458778540096727,25,7,32,0.0028102517985611,0.0007868705035971,67789.0,131.2307306495154,Top 1%
33168,3076,92,9,3067,3076,0.997074122236671,2,1348,3074,0.0006506180871828,0.4385165907612232,8,7,15,0.0026007802340702,0.0022756827048114,23775.0,129.3796004206099,Top 1%
39039,256,13,2,255,256,0.99609375,0,134,256,0.0,0.5234375,0,0,0,0.0,0.0,1981.0,129.2276627965674,Top 1%
33614,6064,113,11,6057,6064,0.9988456464379948,3,2430,6061,0.0004949678270912,0.4009239399439036,5,7,12,0.0008245382585751,0.0011543535620052,47298.0,128.20838090405513,Top 1%
30213,6415,171,10,6392,6415,0.996414653156664,4,2717,6408,0.0006242197253433,0.4240012484394507,37,156,193,0.0057677318784099,0.0243180046765393,50621.0,126.72606230615752,Top 1%
33132,2560,57,9,2559,2560,0.999609375,3,1107,2560,0.001171875,0.432421875,1,0,1,0.000390625,0.0,20253.0,126.40102700834444,Top 1%
30331,7867,209,11,7835,7867,0.9959323757467904,6,3268,7853,0.0007640392206799,0.4161466955303705,82,161,243,0.0104232871488496,0.0204652345239608,62567.0,125.7372097111896,Top 1%
70760,792,27,3,790,792,0.9974747474747476,0,355,792,0.0,0.4482323232323232,0,0,0,0.0,0.0,6314.0,125.4355400696864,Top 1%
75202,362,19,6,360,362,0.994475138121547,0,152,360,0.0,0.4222222222222222,0,0,0,0.0,0.0,2892.0,125.1728907330567,Top 1%
08832,280,9,2,280,280,1.0,0,134,280,0.0,0.4785714285714286,0,0,0,0.0,0.0,2252.0,124.33392539964476,Top 1%
33311,9167,201,11,9134,9167,0.9964001309043308,14,3904,9156,0.0015290519877675,0.4263870685889034,19,130,149,0.0020726519035671,0.0141813024980909,74898.0,122.3931213116505,Top 1%
35221,381,20,4,380,381,0.9973753280839897,0,180,381,0.0,0.4724409448818897,0,0,0,0.0,0.0,3119.0,122.15453671048412,Top 1%
60425,1064,45,8,1064,1064,1.0,0,459,1064,0.0,0.431390977443609,0,0,0,0.0,0.0,8714.0,122.10236401193482,Top 1%
33025,9356,166,11,9335,9356,0.9977554510474562,9,4114,9345,0.0009630818619582,0.4402354200107009,13,113,126,0.001389482684908,0.0120778110303548,76967.0,121.55859004508426,Top 1%
30318,7226,211,11,7189,7226,0.9948796014392473,12,2770,7212,0.0016638935108153,0.3840820854132002,7,115,122,0.0009687240520343,0.0159147522834209,59609.0,121.22330520558975,Top 1%
39743,207,7,1,207,207,1.0,0,80,207,0.0,0.3864734299516908,0,0,0,0.0,0.0,1713.0,120.84063047285464,Top 1%
30228,6214,169,11,6200,6214,0.9977470228516252,5,2653,6207,0.0008055421298533,0.4274206541002094,11,111,122,0.0017701963308657,0.0178628902478274,52402.0,118.58326018090914,Top 1%
30291,2971,126,10,2962,2971,0.9969707169303264,2,1234,2966,0.0006743088334457,0.4160485502360081,5,63,68,0.0016829350387075,0.0212049814877145,25130.0,118.22522881018703,Top 1%
60409,4136,117,11,4122,4136,0.996615087040619,6,1752,4127,0.0014538405621516,0.4245214441482917,11,36,47,0.0026595744680851,0.0087040618955512,35100.0,117.83475783475782,Top 1%
33634,2571,57,9,2564,2571,0.9972773239984442,0,1143,2570,0.0,0.4447470817120622,6,9,15,0.0023337222870478,0.0035005834305717,21862.0,117.60131735431342,Top 1%
35214,1997,55,9,1993,1997,0.9979969954932398,0,857,1995,0.0,0.4295739348370927,3,3,6,0.0015022533800701,0.0015022533800701,17027.0,117.28431314970342,Top 1%
30324,3376,127,10,3365,3376,0.9967417061611374,13,1364,3372,0.0038552787663107,0.4045077105575326,9,54,63,0.0026658767772511,0.0159952606635071,29073.0,116.12148729061327,Top 1%
30346,507,40,6,506,507,0.9980276134122288,1,221,507,0.0019723865877712,0.4358974358974359,0,1,1,0.0,0.0019723865877712,4411.0,114.9399229199728,Top 1%
33167,2692,96,9,2686,2692,0.9977711738484398,1,1165,2690,0.0003717472118959,0.433085501858736,1,4,5,0.00037147102526,0.0014858841010401,23768.0,113.26152810501516,Top 1%
35061,176,10,2,176,176,1.0,0,88,176,0.0,0.5,0,0,0,0.0,0.0,1554.0,113.25611325611328,Top 1%
30058,7017,192,11,6988,7017,0.9958671797064272,12,3007,7007,0.0017125731411445,0.4291422862851434,20,102,122,0.0028502208921191,0.0145361265498076,62614.0,112.06758871817804,Top 1%
70814,1335,52,8,1332,1335,0.997752808988764,0,645,1334,0.0,0.4835082458770615,1,0,1,0.0007490636704119,0.0,11921.0,111.98724939182954,Top 1%
35211,2787,99,11,2781,2787,0.9978471474703984,0,1267,2784,0.0,0.4551005747126437,8,16,24,0.0028704700394689,0.0057409400789379,24924.0,111.81993259508909,Top 1%
70811,1355,39,6,1355,1355,1.0,0,634,1355,0.0,0.4678966789667896,0,1,1,0.0,0.0007380073800738,12154.0,111.48593055784104,Top 1%
30038,4880,171,11,4863,4880,0.996516393442623,4,2018,4873,0.0008208495793145,0.4141186127642109,17,81,98,0.003483606557377,0.0165983606557377,43776.0,111.4766081871345,Top 1%
77583,5841,179,11,5823,5841,0.9969183359013868,10,2461,5831,0.0017149717029669,0.4220545361001543,14,69,83,0.0023968498544769,0.0118130457113507,52747.0,110.73615561074564,Top 1%
39358,129,12,2,129,129,1.0,0,58,129,0.0,0.4496124031007752,0,0,0,0.0,0.0,1174.0,109.88074957410562,Top 1%
33068,5902,140,11,5892,5902,0.9983056590986108,7,2522,5899,0.0011866418036955,0.4275300898457365,1,99,100,0.0001694340901389,0.0167739749237546,54439.0,108.41492312496555,Top 1%
35022,2502,83,10,2496,2502,0.9976019184652278,0,1131,2499,0.0,0.4525810324129652,7,78,85,0.0027977617905675,0.0311750599520383,23126.0,108.18991611173573,Top 1%
60438,3116,96,9,3110,3116,0.9980744544287548,3,1328,3111,0.0009643201542912,0.4268723882995821,10,34,44,0.0032092426187419,0.0109114249037227,28806.0,108.1719086301465,Top 1%
33055,4062,106,11,4053,4062,0.9977843426883308,0,1756,4058,0.0,0.4327254805322819,11,23,34,0.0027080256031511,0.0056622353520433,37659.0,107.86266231179798,Top 1%
39146,281,19,2,280,281,0.99644128113879,0,126,281,0.0,0.4483985765124555,0,0,0,0.0,0.0,2614.0,107.49808722264729,Top 1%
30034,4490,163,10,4463,4490,0.9939866369710468,4,1882,4481,0.000892657888864,0.4199955367105557,12,61,73,0.0026726057906458,0.0135857461024498,41847.0,107.29562453700385,Top 1%
33615,5061,107,10,5052,5061,0.998221695317131,4,2062,5060,0.000790513833992,0.4075098814229249,3,11,14,0.0005927682276229,0.0021734835012843,47245.0,107.1224468197693,Top 1%
76123,4593,106,11,4585,4593,0.9982582190289572,2,1925,4591,0.000435634937922,0.4192986277499455,1,64,65,0.0002177226213803,0.0139342477683431,42957.0,106.92087436273482,Top 1%
39212,2726,75,10,2719,2726,0.9974321349963317,0,1114,2725,0.0,0.4088073394495413,6,24,30,0.0022010271460014,0.0088041085840058,25659.0,106.23952609220936,Top 1%
60429,1578,47,8,1575,1578,0.9980988593155894,0,678,1577,0.0,0.4299302473050095,0,4,4,0.0,0.0025348542458808,14864.0,106.16254036598494,Top 1%
39041,287,16,3,286,287,0.9965156794425089,0,116,287,0.0,0.4041811846689895,0,0,0,0.0,0.0,2704.0,106.13905325443788,Top 1%
60619,6303,167,11,6274,6303,0.9953990163414248,11,2423,6289,0.0017490857051995,0.3852758785180474,13,91,104,0.002062509915913,0.0144375694113914,59503.0,105.92743223030772,Top 1%
30294,4435,152,11,4418,4435,0.9961668545659528,3,1884,4429,0.0006773538044705,0.425378189207496,41,43,84,0.0092446448703494,0.009695603156708,41983.0,105.6379963318486,Top 1%
60827,2602,99,9,2598,2602,0.9984627209838586,2,1009,2600,0.0007692307692307,0.3880769230769231,9,29,38,0.0034588777863182,0.0111452728670253,24713.0,105.28871444179175,Top 1%
33054,3266,101,10,3264,3266,0.9993876301285975,0,1473,3266,0.0,0.4510104102878138,4,6,10,0.0012247397428046,0.0018371096142069,31055.0,105.1682498792465,Top 1%
62090,109,7,3,109,109,1.0,0,51,109,0.0,0.4678899082568807,1,0,1,0.0091743119266055,0.0,1039.0,104.90856592877768,Top 1%
30016,6596,189,9,6563,6596,0.9949969678593088,10,2786,6579,0.0015199878400972,0.423468612251102,13,229,242,0.0019708914493632,0.0347180109157064,62968.0,104.75161987041037,Top 1%
30305,2944,124,8,2929,2944,0.9949048913043478,13,1211,2935,0.0044293015332197,0.4126064735945485,8,22,30,0.0027173913043478,0.0074728260869565,28110.0,104.73141230878691,Top 1%
39341,713,18,5,713,713,1.0,0,316,713,0.0,0.4431977559607293,0,1,1,0.0,0.0014025245441795,6811.0,104.68360005872852,Top 1%
91203,1759,37,6,1758,1759,0.9994314951677088,2,661,1759,0.0011370096645821,0.3757816941444002,0,12,12,0.0,0.0068220579874928,16856.0,104.3545325106787,Top 1%
60478,1710,54,7,1708,1710,0.9988304093567252,3,697,1708,0.0017564402810304,0.40807962529274,1,17,18,0.0005847953216374,0.0099415204678362,16390.0,104.33190970103722,Top 1%
75115,5810,154,11,5787,5810,0.9960413080895008,5,2503,5799,0.0008622176237282,0.4316261424383514,33,95,128,0.0056798623063683,0.0163511187607573,56211.0,103.36055220508442,Top 1%
30296,2792,119,9,2769,2792,0.9917621776504298,4,1154,2783,0.0014372978799856,0.4146604383758533,15,73,88,0.0053724928366762,0.0261461318051575,27045.0,103.235348493252,Top 1%
93313,6326,61,10,6323,6326,0.9995257666772052,2,2743,6323,0.0003163055511624,0.433813063419263,1,7,8,0.0001580777742649,0.0011065444198545,61843.0,102.29128599841536,Top 1%
39194,1913,62,9,1910,1913,0.9984317825405122,1,992,1911,0.0005232862375719,0.5190999476713762,0,4,4,0.0,0.0020909566126502,18714.0,102.22293470129316,Top 1%
30013,2877,131,11,2869,2877,0.997219325686479,2,1185,2872,0.0006963788300835,0.4126044568245125,13,66,79,0.0045185957594716,0.0229405630865484,28297.0,101.67155528854649,Top 1%
70791,3082,87,9,3075,3082,0.9977287475665152,2,1462,3077,0.0006499837504062,0.4751381215469613,8,34,42,0.0025957170668397,0.0110317975340687,30385.0,101.43162744775384,Top 1%
33137,2972,84,9,2962,2972,0.9966352624495288,12,1197,2966,0.0040458530006743,0.4035738368172623,2,49,51,0.0006729475100942,0.0164872139973082,29414.0,101.0403209356089,Top 1%
33147,5071,110,11,5067,5071,0.9992112009465588,9,2214,5068,0.0017758484609313,0.4368587213891081,14,51,65,0.0027607966870439,0.0100571879313744,50419.0,100.57716337095144,Top 1%
30339,3548,138,11,3533,3548,0.9957722660653888,4,1390,3542,0.0011293054771315,0.3924336533032185,10,87,97,0.0028184892897406,0.024520856820744,35372.0,100.30532624674883,Top 1%
35127,945,28,5,945,945,1.0,1,404,945,0.001058201058201,0.4275132275132275,0,3,3,0.0,0.0031746031746031,9442.0,100.08472781190426,Top 1%
70788,383,14,2,381,383,0.9947780678851176,0,182,382,0.0,0.4764397905759162,0,0,0,0.0,0.0,3830.0,100.0,Top 1%
77047,3497,122,11,3486,3497,0.996854446668573,3,1535,3492,0.0008591065292096,0.4395761741122566,3,28,31,0.0008578781812982,0.0080068630254503,34987.0,99.95141052390888,Top 1%
35203,350,24,4,349,350,0.9971428571428572,0,141,350,0.0,0.4028571428571428,0,21,21,0.0,0.06,3506.0,99.82886480319452,Top 1%
60628,6027,156,11,6007,6027,0.996681599469056,4,2410,6019,0.0006645622196378,0.4003987373317826,14,67,81,0.0023228803716608,0.0111166417786626,60431.0,99.73358044712153,Top 1%
35218,696,29,6,694,696,0.9971264367816092,0,318,696,0.0,0.4568965517241379,0,1,1,0.0,0.0014367816091954,6981.0,99.69918349806618,Top 1%
35020,2478,52,10,2477,2478,0.9995964487489912,1,1173,2477,0.0004037141703673,0.4735567218409366,1,6,7,0.0004035512510088,0.0024213075060532,24892.0,99.55005624296965,Top 1%
77493,7084,187,11,7068,7084,0.9977413890457368,14,2963,7075,0.0019787985865724,0.4187985865724382,17,141,158,0.0023997741389045,0.0199040090344438,71484.0,99.0990990990991,Top 1%
39701,1181,16,3,1181,1181,1.0,0,455,1181,0.0,0.3852667231160034,0,0,0,0.0,0.0,11958.0,98.76233483860176,Top 1%
60620,6397,167,11,6373,6397,0.9962482413631388,5,2542,6386,0.000782962730974,0.3980582524271844,11,63,74,0.0017195560418946,0.0098483664217602,64871.0,98.6110897010991,Top 1%
33069,2873,98,11,2867,2873,0.9979115906717716,2,1140,2870,0.0006968641114982,0.397212543554007,6,41,47,0.0020884093282283,0.0142707970762269,29145.0,98.57608509178246,Top 1%
33351,3584,117,9,3569,3584,0.9958147321428572,9,1495,3581,0.0025132644512705,0.4174811505166155,5,16,21,0.0013950892857142,0.0044642857142857,36364.0,98.5590144098559,Top 1%
33127,2604,100,8,2599,2604,0.9980798771121352,5,1103,2601,0.0019223375624759,0.4240676662821991,1,14,15,0.0003840245775729,0.0053763440860215,26786.0,97.21496304039422,Top 1%
19138,2996,101,11,2985,2996,0.9963284379172228,1,1323,2990,0.0003344481605351,0.4424749163879599,2,17,19,0.000667556742323,0.0056742323097463,30821.0,97.20645014762664,Top 1%
77016,2886,124,10,2874,2886,0.9958419958419958,5,1230,2883,0.0017343045438779,0.4266389177939646,1,73,74,0.0003465003465003,0.0252945252945252,29841.0,96.71257665627827,Top 1%
33309,3615,110,9,3603,3615,0.9966804979253112,7,1496,3611,0.0019385211852672,0.4142896704513985,4,35,39,0.0011065006915629,0.0096818810511756,37475.0,96.46430953969312,Top 1%
75154,5037,168,10,5027,5037,0.9980146912844948,2,2140,5029,0.0003976933784052,0.425531914893617,17,85,102,0.0033750248163589,0.0168751240817947,52516.0,95.9136263234062,Top 1%
63101,300,19,4,298,300,0.9933333333333332,0,117,299,0.0,0.391304347826087,0,1,1,0.0,0.0033333333333333,3130.0,95.84664536741214,Top 1%
60653,3198,120,11,3185,3198,0.9959349593495936,4,1307,3191,0.0012535255405828,0.4095894703854591,10,24,34,0.0031269543464665,0.0075046904315197,33383.0,95.79726207950154,Top 1%
33313,5941,161,11,5925,5941,0.9973068506985356,8,2601,5937,0.001347481893212,0.438100050530571,10,81,91,0.0016832183134152,0.0136340683386635,62807.0,94.59136720429252,Top 1%
33166,2668,68,7,2664,2668,0.9985007496251874,11,1237,2668,0.0041229385307346,0.4636431784107946,8,3,11,0.0029985007496251,0.0011244377811094,28265.0,94.39235803997876,Top 1%
33032,6143,121,11,6141,6143,0.9996744261761354,4,2729,6143,0.0006511476477291,0.4442454826631938,15,12,27,0.0024418036789842,0.0019534429431873,65132.0,94.3161579561506,Top 1%
39638,301,6,2,301,301,1.0,0,177,301,0.0,0.5880398671096345,0,0,0,0.0,0.0,3259.0,92.35961951518873,Top 1%
39756,197,8,2,197,197,1.0,0,63,197,0.0,0.3197969543147208,0,0,0,0.0,0.0,2140.0,92.05607476635514,Top 1%
30241,2371,118,10,2363,2371,0.9966258962463096,5,961,2371,0.0021088148460565,0.4053142134120624,5,28,33,0.0021088148460565,0.0118093631379164,25840.0,91.75696594427244,Top 1%
39046,2594,70,9,2588,2594,0.9976869699306092,0,1064,2591,0.0,0.4106522578155152,3,19,22,0.0011565150346954,0.0073245952197378,28442.0,91.2031502707264,Top 1%
33150,2818,86,11,2815,2818,0.9989354151880766,3,1180,2817,0.0010649627263045,0.4188853390131345,4,8,12,0.0014194464158978,0.0028388928317956,30974.0,90.97953121973268,Top 1%
35207,700,17,3,700,700,1.0,0,335,700,0.0,0.4785714285714286,0,0,0,0.0,0.0,7709.0,90.80295758204696,Top 1%
30281,6498,184,11,6464,6498,0.994767620806402,8,2697,6484,0.001233806292412,0.4159469463294263,20,182,202,0.0030778701138811,0.0280086180363188,71603.0,90.75038755359412,Top 1%
60643,4169,132,11,4154,4169,0.996402014871672,8,1658,4162,0.0019221528111484,0.3983661701105238,24,23,47,0.005756776205325,0.0055169105301031,45942.0,90.74485220495409,Top 1%
19132,2984,98,11,2975,2984,0.9969839142091153,7,1187,2978,0.0023505708529214,0.3985896574882471,14,40,54,0.0046916890080428,0.0134048257372654,33006.0,90.40780464158031,Top 1%
33023,6539,161,10,6529,6539,0.9984707141764796,8,2861,6536,0.0012239902080783,0.4377294981640147,13,59,72,0.0019880715705765,0.0090227863587704,72344.0,90.3875926130709,Top 1%
35126,2040,61,8,2037,2040,0.998529411764706,0,955,2037,0.0,0.468826705940108,7,13,20,0.0034313725490196,0.0063725490196078,22599.0,90.26948095048454,Top 1%
70714,1571,46,7,1566,1571,0.996817313812858,0,776,1569,0.0,0.4945825366475462,4,4,8,0.0025461489497135,0.0025461489497135,17433.0,90.1164458211438,Top 1%
28262,4490,151,11,4470,4490,0.9955456570155902,9,1879,4481,0.0020084802499442,0.4193260432939076,2,74,76,0.0004454342984409,0.0164810690423162,50003.0,89.79461232326061,Top 1%
60958,152,13,2,152,152,1.0,0,62,152,0.0,0.4078947368421052,44,0,44,0.2894736842105263,0.0,1698.0,89.5170789163722,Top 1%
33020,4140,139,9,4123,4140,0.9958937198067632,9,1653,4136,0.0021760154738878,0.3996615087040619,8,39,47,0.0019323671497584,0.0094202898550724,46322.0,89.3743793445879,Top 1%
30238,3859,129,11,3846,3859,0.9966312516195904,5,1689,3856,0.0012966804979253,0.4380186721991701,8,50,58,0.0020730759264058,0.0129567245400362,43191.0,89.34731772823042,Top 1%
77545,2344,114,10,2335,2344,0.996160409556314,5,1018,2342,0.0021349274124679,0.4346712211784799,6,37,43,0.0025597269624573,0.0157849829351535,26236.0,89.34288763531026,Top 1%
29481,157,14,3,156,157,0.9936305732484076,1,78,157,0.0063694267515923,0.4968152866242038,0,0,0,0.0,0.0,1759.0,89.25525866969869,Top 1%
75134,1697,95,9,1693,1697,0.9976428992339422,2,697,1696,0.0011792452830188,0.4109669811320754,4,9,13,0.0023571007660577,0.0053034767236299,19045.0,89.10475190338673,Top 1%
33837,4219,129,11,4209,4219,0.9976297700876984,7,1800,4214,0.0016611295681063,0.4271476032273374,11,30,41,0.0026072529035316,0.0071106897369044,47389.0,89.02909958007132,Top 1%
77002,1864,81,7,1857,1864,0.996244635193133,3,762,1860,0.0016129032258064,0.4096774193548387,1,13,14,0.0005364806866952,0.0069742489270386,21015.0,88.6985486557221,Top 1%
70805,2059,78,9,2054,2059,0.9975716367168528,0,963,2058,0.0,0.4679300291545189,3,29,32,0.0014570179698882,0.0140845070422535,23288.0,88.41463414634146,Top 1%
30106,2040,75,9,2035,2040,0.9975490196078431,5,847,2037,0.002454590083456,0.415807560137457,3,15,18,0.0014705882352941,0.0073529411764705,23107.0,88.28493530099105,Top 1%
30309,2866,136,10,2856,2866,0.9965108164689462,6,1095,2864,0.0020949720670391,0.3823324022346369,6,57,63,0.0020935101186322,0.0198883461270062,32479.0,88.2416330552049,Top 1%
33619,3649,115,10,3639,3649,0.9972595231570294,3,1524,3646,0.0008228195282501,0.4179923203510696,2,20,22,0.0005480953685941,0.0054809536859413,41396.0,88.14861339259832,Top 1%
33181,1835,90,10,1829,1835,0.9967302452316076,10,663,1834,0.0054525627044711,0.361504907306434,6,32,38,0.0032697547683923,0.0174386920980926,20848.0,88.01803530314659,Top 1%
30363,308,29,3,307,308,0.9967532467532468,0,128,308,0.0,0.4155844155844156,0,0,0,0.0,0.0,3523.0,87.42548963951178,Top 1%
70812,961,40,5,958,961,0.9968782518210196,1,436,961,0.0010405827263267,0.4536940686784599,0,0,0,0.0,0.0,11007.0,87.30807667847733,Top 1%
75226,451,29,5,450,451,0.9977827050997784,0,189,451,0.0,0.4190687361419069,0,0,0,0.0,0.0,5199.0,86.74745143296788,Top 1%
60422,824,23,6,823,824,0.9987864077669902,0,351,823,0.0,0.4264884568651276,0,5,5,0.0,0.0060679611650485,9542.0,86.35506183190107,Top 1%
35224,409,16,3,409,409,1.0,0,209,409,0.0,0.511002444987775,0,3,3,0.0,0.0073349633251833,4739.0,86.30512766406414,Top 1%
33162,4021,116,10,4015,4021,0.9985078338721712,6,1767,4019,0.0014929086837521,0.4396616073650162,8,64,72,0.0019895548371051,0.0159164386968415,46606.0,86.2764450929065,Top 1%
30248,3105,116,11,3092,3105,0.9958132045088568,4,1321,3102,0.0012894906511927,0.4258542875564152,6,129,135,0.0019323671497584,0.0415458937198067,36038.0,86.15905433153894,Top 1%
30035,1855,86,9,1849,1855,0.9967654986522912,6,746,1854,0.0032362459546925,0.4023732470334412,4,14,18,0.0021563342318059,0.0075471698113207,21569.0,86.00305994714637,Top 1%
70807,1312,50,4,1309,1312,0.9977134146341464,1,659,1312,0.0007621951219512,0.5022865853658537,0,0,0,0.0,0.0,15300.0,85.7516339869281,Top 1%
30122,2317,111,11,2300,2317,0.9926629261976694,3,994,2310,0.0012987012987012,0.4303030303030303,10,35,45,0.0043159257660768,0.0151057401812688,27036.0,85.70054741825714,Top 1%
33160,3737,127,10,3727,3737,0.9973240567299974,14,1446,3733,0.003750334851326,0.3873560139298151,47,34,81,0.0125769333690125,0.009098207118009,43718.0,85.47966512649252,Top 1%
60428,934,34,6,934,934,1.0,1,395,934,0.0010706638115631,0.4229122055674518,0,0,0,0.0,0.0,10927.0,85.47634300356914,Top 1%
08861,5040,76,10,5036,5040,0.9992063492063492,1,2241,5039,0.0001984520738241,0.4447310974399682,4,24,28,0.0007936507936507,0.0047619047619047,59351.0,84.91853549224108,Top 1%
36617,944,27,3,943,944,0.9989406779661016,0,490,944,0.0,0.5190677966101694,0,3,3,0.0,0.0031779661016949,11128.0,84.83105679367361,Top 1%
30344,3001,148,11,2986,3001,0.9950016661112964,3,1235,2993,0.0010023387905111,0.412629468760441,14,40,54,0.0046651116294568,0.0133288903698767,35456.0,84.64011732851985,Top 1%
33060,3142,116,11,3126,3142,0.9949077021005728,3,1335,3140,0.0009554140127388,0.4251592356687898,9,175,184,0.0028644175684277,0.055697008274984,37233.0,84.38750570730267,Top 1%
33161,4625,141,9,4612,4625,0.9971891891891892,10,1909,4620,0.0021645021645021,0.4132034632034632,7,19,26,0.0015135135135135,0.0041081081081081,54814.0,84.3762542416171,Top 1%
39213,1577,63,10,1571,1577,0.9961953075459734,1,616,1575,0.0006349206349206,0.3911111111111111,3,4,7,0.0019023462270133,0.0025364616360177,18691.0,84.37215772296827,Top 1%
19150,2047,83,10,2041,2047,0.9970688812896922,0,920,2044,0.0,0.4500978473581213,2,49,51,0.0009770395701025,0.0239374694675134,24304.0,84.22481895984201,Top 1%
30274,2865,109,11,2858,2865,0.9975567190226876,4,1274,2863,0.0013971358714634,0.4449877750611247,3,75,78,0.0010471204188481,0.0261780104712041,34081.0,84.0644347290279,Top 1%
19032,569,36,5,566,569,0.9947275922671354,0,267,568,0.0,0.4700704225352112,0,0,0,0.0,0.0,6772.0,84.02244536326047,Top 1%
30310,2283,122,10,2268,2283,0.9934296977660972,4,925,2277,0.0017566974088713,0.4062362758014932,2,41,43,0.0008760402978537,0.0179588261060008,27186.0,83.97704700949019,Top 1%
77033,2433,112,8,2425,2433,0.9967118783394986,2,998,2431,0.0008227067050596,0.4105306458247634,9,38,47,0.0036991368680641,0.0156185778873818,29154.0,83.45338547026138,Top 1%
01843,2290,52,8,2288,2290,0.9991266375545852,1,998,2290,0.0004366812227074,0.4358078602620087,0,1,1,0.0,0.0004366812227074,27445.0,83.43960648569868,Top 1%
75287,4501,88,8,4496,4501,0.9988891357476116,5,1936,4500,0.0011111111111111,0.4302222222222222,3,14,17,0.000666518551433,0.0031104199066874,53959.0,83.41518560388442,Top 1%
76036,3006,93,11,2999,3006,0.9976713240186296,4,1194,3003,0.0013320013320013,0.3976023976023976,4,54,58,0.0013306719893546,0.0179640718562874,36044.0,83.39806902674508,Top 1%
38860,449,7,3,449,449,1.0,0,162,449,0.0,0.3608017817371937,0,0,0,0.0,0.0,5388.0,83.33333333333333,Top 1%
19141,2695,119,11,2684,2695,0.9959183673469388,6,1143,2688,0.0022321428571428,0.4252232142857143,3,24,27,0.0011131725417439,0.0089053803339517,32385.0,83.21753898409757,Top 1%
29018,296,13,4,296,296,1.0,0,173,296,0.0,0.5844594594594594,0,11,11,0.0,0.0371621621621621,3559.0,83.16942961506041,Top 1%
35206,1297,28,8,1296,1297,0.9992289899768696,1,630,1297,0.0007710100231303,0.4857363145720894,0,6,6,0.0,0.0046260601387818,15621.0,83.02925548940529,Top 1%
77044,4828,151,11,4808,4828,0.995857497928749,6,2143,4818,0.0012453300124533,0.4447903694479037,12,55,67,0.0024855012427506,0.0113918806959403,58347.0,82.74632800315354,Top 1%
77048,1750,90,7,1743,1750,0.996,0,734,1749,0.0,0.4196683819325328,1,3,4,0.0005714285714285,0.0017142857142857,21151.0,82.7384048035554,Top 1%
77056,1892,88,11,1884,1892,0.9957716701902748,2,738,1890,0.001058201058201,0.3904761904761905,5,45,50,0.0026427061310782,0.023784355179704,22877.0,82.70315163701535,Top 1%
30252,4093,158,10,4075,4093,0.995602247740044,6,1757,4089,0.0014673514306676,0.429689410613842,6,139,145,0.0014659174199853,0.0339604202296603,49554.0,82.59676312709367,Top 1%
60426,1973,95,11,1967,1973,0.996958945767866,0,810,1972,0.0,0.4107505070993915,9,7,16,0.0045615813482007,0.0035478966041561,23906.0,82.53158202961599,Top 1%
19131,3601,111,11,3590,3601,0.996945292974174,7,1408,3595,0.0019471488178025,0.3916550764951321,13,67,80,0.003610108303249,0.0186059427936684,43776.0,82.25968567251462,Top 1%
33034,1957,74,9,1956,1957,0.9994890137966276,3,889,1957,0.0015329586101175,0.4542667347981604,0,8,8,0.0,0.00408788962698,23823.0,82.14750451244596,Top 1%
77028,1567,91,6,1552,1567,0.990427568602425,1,651,1562,0.0006402048655569,0.4167733674775928,6,2,8,0.0038289725590299,0.0012763241863433,19109.0,82.0032445444555,Top 1%
30135,5428,186,11,5407,5428,0.9961311717022844,5,2308,5418,0.000922849760059,0.4259874492432632,10,108,118,0.0018422991893883,0.0198968312453942,66800.0,81.25748502994013,Top 1%
33404,2505,74,11,2504,2505,0.9996007984031936,5,1040,2504,0.001996805111821,0.4153354632587859,10,52,62,0.0039920159680638,0.0207584830339321,30912.0,81.03649068322981,Top 1%
77396,4992,168,11,4981,4992,0.9977964743589745,9,2115,4987,0.0018046921997192,0.4241026669340285,3,73,76,0.0006009615384615,0.0146233974358974,61735.0,80.86174779298615,Top 1%
35208,1084,30,6,1082,1084,0.9981549815498156,0,486,1083,0.0,0.4487534626038781,0,3,3,0.0,0.0027675276752767,13412.0,80.82314345362363,Top 1%
33319,4398,120,10,4388,4398,0.9977262391996362,6,1890,4396,0.0013648771610555,0.4299363057324841,12,36,48,0.0027285129604365,0.0081855388813096,54450.0,80.77134986225894,Top 1%
60621,2283,95,9,2278,2283,0.9978098992553658,3,902,2282,0.0013146362839614,0.3952673093777388,14,16,30,0.0061322820849759,0.0070083223828296,28301.0,80.66852761386524,Top 1%
29229,4171,157,11,4157,4171,0.9966434907695996,4,1771,4165,0.0009603841536614,0.4252100840336134,5,205,210,0.0011987532965715,0.0491488851594341,51861.0,80.42652474884788,Top 1%
34771,2832,77,10,2829,2832,0.9989406779661016,11,1329,2831,0.0038855528081949,0.4694454256446485,14,33,47,0.0049435028248587,0.0116525423728813,35257.0,80.32447457242533,Top 1%
19143,5021,135,11,5007,5021,0.9972117108145788,7,2135,5015,0.001395812562313,0.4257228315054835,15,44,59,0.0029874526986656,0.0087631945827524,62572.0,80.24355941954867,Top 1%
