ZIP code,complaints,population,complaints_per_1000,rate_group
33122,561,1687.0,332.54297569650265,Top 1%
30326,1793,8234.0,217.7556473160068,Top 1%
39739,442,2104.0,210.07604562737643,Top 1%
39730,2091,11291.0,185.19174563811885,Top 1%
60411,9090,52175.0,174.22137038811692,Top 1%
35215,7594,43903.0,172.97223424367357,Top 1%
33169,7184,43702.0,164.38606928744682,Top 1%
33056,6144,37890.0,162.15360253365006,Top 1%
60466,3443,21461.0,160.43054843669913,Top 1%
60419,3295,20825.0,158.2232893157263,Top 1%
60443,3241,20663.0,156.85040894352224,Top 1%
39702,3468,23484.0,147.67501277465507,Top 1%
35235,2972,20526.0,144.79197115853066,Top 1%
60473,3055,21225.0,143.93404004711425,Top 1%
60484,963,6762.0,142.41348713398403,Top 1%
39361,169,1190.0,142.01680672268907,Top 1%
60471,1747,12848.0,135.9744707347447,Top 1%
30349,10843,79872.0,135.7547075320513,Top 1%
30253,8661,64779.0,133.70073634974298,Top 1%
39773,1957,14758.0,132.60604417942812,Top 1%
70710,952,7252.0,131.27413127413126,Top 1%
33178,8896,67789.0,131.2307306495154,Top 1%
33168,3076,23775.0,129.3796004206099,Top 1%
39039,256,1981.0,129.2276627965674,Top 1%
33614,6064,47298.0,128.20838090405513,Top 1%
