State,State FIPS,population
AL,01,5086768
AK,02,735706
AZ,04,7378838
AR,05,3049391
CA,06,39287377
CO,08,5862189
CT,09,3624508
DE,10,1021191
DC,11,681294
FL,12,22416077
GA,13,10940407
HI,15,1445235
ID,16,1934262
IL,17,12694798
IN,18,6851073
IA,19,3210507
KS,20,2947197
KY,21,4534824
LA,22,4611961
ME,23,1387817
MD,24,6206011
MA,25,7044056
MI,26,10077761
MN,27,5739445
MS,28,2946779
MO,29,6191814
MT,30,1116875
NE,31,1978707
NV,32,3184612
NH,33,1394868
NJ,34,9343809
NM,35,2120246
NY,36,19852366
NC,37,10730404
ND,38,784841
OH,39,11810293
OK,40,4028634
OR,41,4254293
PA,42,13018639
RI,44,1101801
SC,45,5296225
SD,46,907428
TN,47,7066383
TX,48,30188424
UT,49,3392331
VT,50,647106
VA,51,8705170
WA,53,7816116
WV,54,1778373
WI,55,5914872
WY,56,582397
