model,variable,coefficient,rate_ratio,std_error,p_value,ci_lower,ci_upper
baseline,Intercept,-5.490364562909312,0.0041263395896486196,0.02865861228528541,0.0,0.003900952944948195,0.004364748472844667
baseline,income_10k,3.6188266058571468e-06,1.0000036188331538,1.2245563370876186e-06,0.003124517645611668,1.0000012187410308,1.0000060189310374
baseline,poverty_percent,0.017691310022383097,1.0178487281885322,0.001650734449707976,8.44909126204916e-27,1.0145609222185479,1.0211471886868542
baseline,unemployment_percent,0.04931879633078623,1.0505552105075577,0.0030499129524932675,8.135723729051008e-59,1.044294018563887,1.0568539421899021
baseline,median_age,-3.3036425257361485e-09,0.9999999966963575,4.0260674268484264e-10,2.2938217818809546e-16,0.9999999959072627,0.9999999974854522
white,Intercept,-1.7123810762212328,0.18043564968386752,0.0749551510924213,1.6233358828507678e-115,0.15578312352502927,0.20898941387324613
white,income_10k,-5.714635189088111e-06,0.9999942853811394,1.2645310330015075e-06,6.2081492756701725e-06,0.999991806963092,0.9999967638053294
white,poverty_percent,-0.015318144121541004,0.98479858187952,0.001810967951856499,2.7074670344953416e-17,0.9813093024593291,0.9883002682654266
white,unemployment_percent,-0.0006277081913849993,0.9993724887761869,0.00340147954872841,0.8535900452559387,0.9927320545875001,1.0060573411601061
white,median_age,-4.333961161867673e-09,0.9999999956660388,3.9959231789554515e-10,2.084424951496619e-27,0.9999999948828523,0.9999999964492254
white,white_percent,-0.04809934209387847,0.9530391054743623,0.0007956950130599969,0.0,0.9515539673598731,0.9545265615185695
black,Intercept,-5.863790168811116,0.0028404574415503755,0.029288657469089242,0.0,0.0026819935940951426,0.0030082840223863293
black,income_10k,-6.797125084531324e-07,0.9999993202877225,1.2573226440678583e-06,0.5887811865316857,0.9999968559853346,1.0000017845961833
black,poverty_percent,-0.0077743067971539695,0.9922558349649206,0.0017628496996465806,1.033328183754411e-05,0.9888333859718307,0.9956901293884708
black,unemployment_percent,0.017047551991595793,1.0171936907610584,0.003185946451577492,8.753744376232183e-08,1.0108617770893733,1.02356526676013
black,median_age,-3.6133447059664125e-09,0.9999999963866553,4.041694226893462e-10,3.885603213832362e-19,0.9999999955944978,0.9999999971788128
black,black_percent,0.06454175995532876,1.0666701214112027,0.0012107548377464877,0.0,1.064141875940185,1.0692043736237142
american_indian_alaska_native,Intercept,-5.488941154613237,0.004132217237807133,0.028753950465967237,0.0,0.003905779647615908,0.004371782548166316
american_indian_alaska_native,income_10k,3.4402995744417025e-06,1.0000034403054923,1.2301229248388112e-06,0.0051625525412663026,1.000001029303475,1.0000058513133225
american_indian_alaska_native,poverty_percent,0.019820729174088003,1.0200184640825833,0.0016727416384085044,2.171325896696233e-32,1.0166797958385327,1.0233680961578118
american_indian_alaska_native,unemployment_percent,0.05011051058965308,1.051387279384378,0.0030917226967715826,4.430488411140982e-59,1.0450354888412852,1.0577776765045048
american_indian_alaska_native,median_age,-3.294235485485995e-09,0.9999999967057646,4.0423730448808613e-10,3.661535295086581e-16,0.999999995913474,0.9999999974980551
american_indian_alaska_native,american_indian_alaska_native_percent,-0.031919016424171706,0.9685850183814109,0.0021896147104306617,3.9079952564015375e-48,0.9644371786051903,0.9727506971368732
asian,Intercept,-5.779023562370564,0.0030917328191050076,0.02995788530558757,0.0,0.002915424223290048,0.0032787035754075974
asian,income_10k,1.626704695992561e-06,1.000001626706019,1.2301828737720819e-06,0.18605910520311575,0.9999992155908767,1.000004037826975
asian,poverty_percent,0.025123054523849705,1.0254412979515732,0.0016548608931942772,4.69868785487096e-52,1.022120700208987,1.02877268343123
asian,unemployment_percent,0.042076170896920714,1.04297391998412,0.0030599083961801027,5.037343190546566e-43,1.0367376010625824,1.0492477524227242
asian,median_age,-3.5371804467400276e-09,0.9999999964628196,4.0185045817865484e-10,1.34123092638635e-18,0.9999999956752071,0.999999997250432
asian,asian_percent,0.06887796767291143,1.0713054672719469,0.0029200465457893485,5.121800450593659e-123,1.0651916985584244,1.077454326540468
native_hawaiian_pacific_islander,Intercept,-5.494447317484394,0.004109527101795267,0.028707948901947455,0.0,0.003884683120312594,0.004347384967407802
native_hawaiian_pacific_islander,income_10k,3.607866693761178e-06,1.0000036078732022,1.224611126302127e-06,0.0032177448409634077,1.0000012076737204,1.0000060080784448
native_hawaiian_pacific_islander,poverty_percent,0.017757463751245893,1.0179160649045829,0.001650753412899109,5.4817779598262945e-27,1.0146280037159257,1.0212147815712485
native_hawaiian_pacific_islander,unemployment_percent,0.0493223184622414,1.0505589107076263,0.0030508266002033423,8.637598296911656e-59,1.0442958266716227,1.0568595571092358
native_hawaiian_pacific_islander,median_age,-3.3085269910819915e-09,0.999999996691473,4.0261500284831197e-10,2.076249395426824e-16,0.9999999959023621,0.9999999974805839
native_hawaiian_pacific_islander,native_hawaiian_pacific_islander_percent,0.025037976641724136,1.0253540592887924,0.01774127509883607,0.15816090768525715,0.9903129411893531,1.061635068241505
other_race,Intercept,-5.675374681646216,0.0034293838083775245,0.029295710071091177,0.0,0.003238020093275807,0.003632056925645578
other_race,income_10k,2.0696783269035324e-06,1.0000020696804688,1.2306089605988898e-06,0.09260129595354785,0.9999996577291437,1.0000044816376112
other_race,poverty_percent,0.014586856035246835,1.0146937634013782,0.0016685700233573172,2.2875607309513533e-18,1.0113807929075256,1.0180175861613308
other_race,unemployment_percent,0.03708708549851994,1.0377833927871734,0.0030705392356654873,1.3742960245407226e-33,1.0315566161061323,1.0440477561088606
other_race,median_age,-3.4586661986602805e-09,0.9999999965413338,4.0232382763857085e-10,8.202519176960438e-18,0.9999999957527936,0.999999997329874
other_race,other_race_percent,0.058980599405395406,1.0607546612693743,0.002377914524457748,8.218667457899091e-136,1.0558223823227917,1.0657099813789541
two_or_more_races,Intercept,-5.832806223917785,0.0029298436360361015,0.03169347424716623,0.0,0.0027533847884658974,0.0031176113733104405
two_or_more_races,income_10k,1.505842968767356e-06,1.0000015058441025,1.2247959150274272e-06,0.2188977393447611,0.9999991052874871,1.0000039064064805
two_or_more_races,poverty_percent,0.01862048196912372,1.018794924194107,0.001659302642422307,3.184566575338534e-29,1.0154870082962657,1.022113615520386
two_or_more_races,unemployment_percent,0.04109644529462096,1.0419525921244013,0.003063792606805028,5.034445610200839e-41,1.0357144952578596,1.0482282609788747
two_or_more_races,median_age,-3.613904807250384e-09,0.9999999963860952,4.0181943631608843e-10,2.3871240628946595e-19,0.9999999955985436,0.9999999971736468
two_or_more_races,two_or_more_races_percent,0.035540851853099215,1.03617997713566,0.0018254847998044911,2.001126205965036e-84,1.0324792691962168,1.0398939494956698
hispanic,Intercept,-5.778849596028884,0.003092270723340258,0.02970593644518581,0.0,0.002917371726807458,0.003277655068280015
hispanic,income_10k,1.718516471594822e-06,1.0000017185179482,1.2300239206811191e-06,0.16237126726231788,0.9999993077141266,1.0000041293275819
hispanic,poverty_percent,0.015671591580500664,1.015795034980316,0.001674108611843712,7.886912851727736e-21,1.0124674780063003,1.019133528241823
hispanic,unemployment_percent,0.040417576610194246,1.041245483183166,0.0030675869132916716,1.2111378242563316e-39,1.035003922681615,1.047524683230462
hispanic,median_age,-3.5580907360112735e-09,0.9999999964419093,4.015399865451078e-10,7.922033042590017e-19,0.9999999956549054,0.9999999972289132
hispanic,hispanic_percent,0.025256854949366477,1.025578511613,0.0010327161813816078,4.268184384567622e-132,1.0235047514136757,1.027656473533282
